Age,Batting,Bowling,Cap,Country,Name,Role
22y 155d,Right hand Bat,,(vc),Afghanistan Squad,Rahmanullah Gurbaz,Wicketkeeper Batter
26y 39d,Left hand Bat,Slow Left arm Orthodox,,Afghanistan Squad,Hazratullah Zazai,Opening Batter
22y 141d,Right hand Bat,Right arm Medium fast,,Afghanistan Squad,Ibrahim Zadran,Opening Batter
19y 90d,Right hand Bat,,†,Afghanistan Squad,Mohammad Ishaq,Wicketkeeper Batter
31y 73d,Left hand Bat,Right arm Offbreak,,Afghanistan Squad,Najibullah Zadran,Middle order Batter
25y 224d,Right hand Bat,Legbreak Googly,(c),Afghanistan Squad,Rashid Khan,Bowling Allrounder
24y 38d,Right hand Bat,Right arm Medium fast,,Afghanistan Squad,Azmatullah Omarzai,Allrounder
32y 332d,Right hand Bat,Right arm Medium fast,,Afghanistan Squad,Gulbadin Naib,Batting Allrounder
25y 264d,Right hand Bat,Right arm Medium,,Afghanistan Squad,Karim Janat,Bowling Allrounder
39y 121d,Right hand Bat,Right arm Offbreak,,Afghanistan Squad,Mohammad Nabi,Allrounder
20y 6d,Left hand Bat,Slow Left arm Orthodox,,Afghanistan Squad,Nangeyalia Kharote,Allrounder
29y 265d,Left hand Bat,Left arm Fast medium,,Afghanistan Squad,Fareed Ahmad,Bowler
23y 222d,Right hand Bat,Left arm Fast medium,,Afghanistan Squad,Fazalhaq Farooqi,Bowler
24y 221d,Right hand Bat,Right arm Medium fast,,Afghanistan Squad,Naveen-ul-Haq,Bowler
19y 119d,Right hand Bat,Left arm Wrist spin,,Afghanistan Squad,Noor Ahmad,Bowler
23y 34d,Right hand Bat,Right arm Offbreak,,Afghanistan Squad,Mujeeb Ur Rahman,Bowler
30y 285d,Right hand Bat,Right arm Medium fast,(c),West Indies Squad,Rovman Powell,Middle order Batter
35y 110d,Right hand Bat,,†,West Indies Squad,Johnson Charles,Wicketkeeper Batter
27y 129d,Left hand Bat,,,West Indies Squad,Shimron Hetmyer,Middle order Batter
30y 175d,Right hand Bat,,†,West Indies Squad,Shai Hope,Wicketkeeper Batter
28y 214d,Left hand Bat,Right arm Offbreak,†,West Indies Squad,Nicholas Pooran,Wicketkeeper Batter
25y 262d,Left hand Bat,Right arm Fast medium,,West Indies Squad,Sherfane Rutherford,Middle order Batter
29y 139d,Right hand Bat,,,West Indies Squad,Brandon King,Top order Batter
32y 42d,Right hand Bat,Right arm Offbreak,,West Indies Squad,Roston Chase,Allrounder
31y 238d,Left hand Bat,Right arm Medium,,West Indies Squad,Kyle Mayers,Batting Allrounder
36y 4d,Right hand Bat,Right arm Fast,,West Indies Squad,Andre Russell,Allrounder
29y 159d,Right hand Bat,Right arm Fast medium,,West Indies Squad,Romario Shepherd,Bowling Allrounder
32y 180d,Right hand Bat,Right arm Medium fast,,West Indies Squad,Jason Holder,Bowling Allrounder
27y 165d,Right hand Bat,Right arm Fast,(vc),West Indies Squad,Alzarri Joseph,Bowler
31y 8d,Left hand Bat,Slow Left arm Orthodox,,West Indies Squad,Akeal Hosein,Bowler
24y 246d,Left hand Bat,Right arm Fast,,West Indies Squad,Shamar Joseph,Bowler
27y 120d,Left hand Bat,Left arm Fast medium,,West Indies Squad,Obed McCoy,Bowler
29y 35d,Left hand Bat,Slow Left arm Orthodox,,West Indies Squad,Gudakesh Motie,Bowler
31y 2d,Right hand Bat,,† (c),United States of America Squad,Monank Patel,Wicketkeeper Batter
29y 197d,Right hand Bat,Legbreak Googly,(vc),United States of America Squad,Aaron Jones,Top order Batter
30y 161d,Right hand Bat,,†,United States of America Squad,Andries Gous,Wicketkeeper Batter
29y 348d,Right hand Bat,Right arm Offbreak,,United States of America Squad,Nitish Kumar,Top order Batter
29y 131d,Right hand Bat,Right arm Medium fast,,United States of America Squad,Shayan Jahangir,Batter
30y 176d,Left hand Bat,Right arm Offbreak,,United States of America Squad,Steven Taylor,Opening Batter
33y 142d,Left hand Bat,Left arm Medium fast,,United States of America Squad,Corey Anderson,Batting Allrounder
31y 239d,Left hand Bat,Slow Left arm Orthodox,,United States of America Squad,Harmeet Singh,Bowling Allrounder
33y 78d,Right hand Bat,Right arm Offbreak,,United States of America Squad,Milind Kumar,Allrounder
36y 13d,Right hand Bat,Slow Left arm Orthodox,,United States of America Squad,Nisarg Patel,Allrounder
35y 272d,Left hand Bat,Right arm Medium,,United States of America Squad,Shadley van Schalkwyk,Allrounder
33y 142d,Right hand Bat,Right arm Fast medium,,United States of America Squad,Ali Khan,Bowler
31y 83d,Right hand Bat,Right arm Medium,,United States of America Squad,Jasdeep Singh,Bowler
33y 62d,Right hand Bat,Slow Left arm Orthodox,,United States of America Squad,Nosthush Kenjige,Bowler
32y 200d,Right hand Bat,Left arm Fast medium,,United States of America Squad,Saurabh Netravalkar,Bowler
23y 100d,Right hand Bat,,†,Uganda Squad,Fred Achelam,Wicketkeeper Batter
34y 350d,Right hand Bat,Right arm Offbreak,,Uganda Squad,Roger Mukasa,Batter
23y 146d,Right hand Bat,,,Uganda Squad,Robinson Obuya,Batter
35y 262d,Right hand Bat,Slow Left arm Orthodox,,Uganda Squad,Ronak Patel,Batter
27y 260d,Left hand Bat,Right arm Slow,†,Uganda Squad,Simon Ssesazi,Wicketkeeper Batter
26y 76d,Right hand Bat,Right arm Medium,(vc),Uganda Squad,Riazat Ali Shah,Batting Allrounder
32y 228d,Left hand Bat,Left arm Medium,,Uganda Squad,Dinesh Nakrani,Allrounder
43y 252d,Right hand Bat,Right arm Offbreak,,Uganda Squad,Frank Nsubuga,Allrounder
29y 225d,Left hand Bat,Slow Left arm Orthodox,,Uganda Squad,Alpesh Ramjani,Allrounder
25y 177d,Right hand Bat,Right arm Medium,,Uganda Squad,Kenneth Waiswa,Allrounder
32y 227d,Right hand Bat,"Right arm Fast medium, Right arm Offbreak, Legbreak Googly",(c),Uganda Squad,Brian Masaba,Bowler
34y 21d,Right hand Bat,Right arm Medium fast,,Uganda Squad,Bilal Hassan,Bowler
22y 130d,Right hand Bat,Right arm Medium,,Uganda Squad,Cosmas Kyewuta,Bowler
21y 31d,Right hand Bat,Right arm Medium fast,,Uganda Squad,Juma Miyagi,Bowler
30y 268d,Right hand Bat,Slow Left arm Orthodox,,Uganda Squad,Henry Ssenyondo,Bowler
29y 97d,Right hand Bat,Legbreak,†,Sri Lanka Squad,Kusal Mendis,Wicketkeeper Batter
25y 357d,Right hand Bat,,,Sri Lanka Squad,Pathum Nissanka,Top order Batter
28y 253d,Right hand Bat,,†,Sri Lanka Squad,Sadeera Samarawickrama,Wicketkeeper Batter
26y 285d,Right hand Bat,Legbreak,(c),Sri Lanka Squad,Wanindu Hasaranga,Allrounder
26y 315d,Left hand Bat,Right arm Offbreak,(vc),Sri Lanka Squad,Charith Asalanka,Batting Allrounder
32y 246d,Right hand Bat,Right arm Offbreak,,Sri Lanka Squad,Dhananjaya de Silva,Allrounder
36y 342d,Right hand Bat,Right arm Medium,,Sri Lanka Squad,Angelo Mathews,Allrounder
25y 222d,Left hand Bat,"Right arm Offbreak, Slow Left arm Orthodox",,Sri Lanka Squad,Kamindu Mendis,Allrounder
32y 243d,Right hand Bat,Right arm Medium,,Sri Lanka Squad,Dasun Shanaka,Allrounder
32y 119d,Right hand Bat,Right arm Fast,,Sri Lanka Squad,Dushmantha Chameera,Bowler
23y 234d,Right hand Bat,Left arm Fast medium,,Sri Lanka Squad,Dilshan Madushanka,Bowler
21y 143d,Right hand Bat,Right arm Fast,,Sri Lanka Squad,Matheesha Pathirana,Bowler
23y 282d,Right hand Bat,Right arm Offbreak,,Sri Lanka Squad,Maheesh Theekshana,Bowler
29y 277d,Right hand Bat,Right arm Medium fast,,Sri Lanka Squad,Nuwan Thushara,Bowler
21y 121d,Left hand Bat,Slow Left arm Orthodox,,Sri Lanka Squad,Dunith Wellalage,Bowler
29y 209d,Right hand Bat,Right arm Offbreak,(c),South Africa Squad,Aiden Markram,Opening Batter
31y 135d,Left hand Bat,,†,South Africa Squad,Quinton de Kock,Wicketkeeper Batter
34y 260d,Right hand Bat,Right arm Offbreak,,South Africa Squad,Reeza Hendricks,Opening Batter
32y 275d,Right hand Bat,Right arm Offbreak,†,South Africa Squad,Heinrich Klaasen,Wicketkeeper Batter
34y 325d,Left hand Bat,Right arm Offbreak,,South Africa Squad,David Miller,Middle order Batter
27y 294d,Left hand Bat,,†,South Africa Squad,Ryan Rickelton,Wicketkeeper Batter
23y 260d,Right hand Bat,Right arm Offbreak,,South Africa Squad,Tristan Stubbs,Batter
23y 365d,Right hand Bat,Left arm Medium fast,,South Africa Squad,Marco Jansen,Bowling Allrounder
31y 43d,Right hand Bat,Right arm Medium fast,,South Africa Squad,Ottneil Baartman,Bowler
23y 211d,Right hand Bat,Right arm Fast,,South Africa Squad,Gerald Coetzee,Bowler
29y 192d,Right hand Bat,Slow Left arm Orthodox,,South Africa Squad,Bjorn Fortuin,Bowler
34y 83d,Right hand Bat,Slow Left arm Orthodox,,South Africa Squad,Keshav Maharaj,Bowler
30y 166d,Right hand Bat,Right arm Fast,,South Africa Squad,Anrich Nortje,Bowler
28y 341d,Left hand Bat,Right arm Fast,,South Africa Squad,Kagiso Rabada,Bowler
34y 72d,Right hand Bat,Left arm Wrist spin,,South Africa Squad,Tabraiz Shamsi,Bowler
37y 33d,Right hand Bat,Right arm Medium fast,(c),Scotland Squad,Richie Berrington,Top order Batter
31y 204d,Right hand Bat,,†,Scotland Squad,Matthew Cross,Wicketkeeper Batter
33y 22d,Left hand Bat,Right arm Offbreak,,Scotland Squad,Ollie Hairs,Opening Batter
26y 122d,Right hand Bat,Right arm Offbreak,,Scotland Squad,Michael Jones,Top order Batter
31y 75d,Left hand Bat,Right arm Medium fast,,Scotland Squad,George Munsey,Opening Batter
19y 329d,Right hand Bat,,†,Scotland Squad,Charlie Tear,Wicketkeeper Batter
33y 190d,Right hand Bat,Right arm Offbreak,,Scotland Squad,Michael Leask,Allrounder
24y 201d,Right hand Bat,Right arm Medium,,Scotland Squad,Brandon McMullen,Batting Allrounder
25y 180d,Right hand Bat,Left arm Medium,,Scotland Squad,Brad Currie,Bowler
33y 207d,Right hand Bat,Legbreak,,Scotland Squad,Chris Greaves,Bowler
20y 343d,Right hand Bat,Right arm Medium fast,,Scotland Squad,Jack Jarvis,Bowler
32y 348d,Right hand Bat,Right arm Medium fast,,Scotland Squad,Safyaan Sharif,Bowler
30y 69d,Right hand Bat,Right arm Fast medium,,Scotland Squad,Chris Sole,Bowler
27y 282d,Left hand Bat,Slow Left arm Orthodox,,Scotland Squad,Mark Watt,Bowler
27y 252d,Right hand Bat,Right arm Fast medium,,Scotland Squad,Brad Wheal,Bowler
36y 277d,Left hand Bat,Right arm Offbreak,(c),Papua New Guinea Squad,Assad Vala,Batter
31y 320d,Left hand Bat,Right arm Offbreak,,Papua New Guinea Squad,Sese Bau,Middle order Batter
28y 203d,Right hand Bat,,†,Papua New Guinea Squad,Kiplin Doriga,Wicketkeeper Batter
29y 7d,Right hand Bat,Right arm Offbreak,,Papua New Guinea Squad,Hiri Hiri,Middle order Batter
31y 139d,Right hand Bat,"Right arm Fast medium, Legbreak",,Papua New Guinea Squad,Lega Siaka,Opening Batter
34y 206d,Right hand Bat,,,Papua New Guinea Squad,Tony Ura,Opening Batter
22y 272d,Left hand Bat,,,Papua New Guinea Squad,Hila Vare,Batter
32y 24d,Left hand Bat,Legbreak,(vc),Papua New Guinea Squad,Charles Amini,Allrounder
23y 137d,,,,Papua New Guinea Squad,Jack Gardner,Bowler
22y 261d,Left hand Bat,Left arm Fast,,Papua New Guinea Squad,Semo Kamea,Bowler
20y 113d,Left hand Bat,Slow Left arm Orthodox,,Papua New Guinea Squad,John Kariko,Bowler
30y 221d,Right hand Bat,Left arm Medium,,Papua New Guinea Squad,Kabua Morea,Bowler
30y 151d,Right hand Bat,Right arm Medium,,Papua New Guinea Squad,Alei Nao,Bowler
32y 171d,Right hand Bat,Right arm Medium fast,,Papua New Guinea Squad,Chad Soper,Bowler
30y 158d,Right hand Bat,Right arm Medium,,Papua New Guinea Squad,Norman Vanua,Bowler
29y 222d,Right hand Bat,Right arm Offbreak,(c),Pakistan Squad,Babar Azam,Batter
25y 288d,Right hand Bat,,†,Pakistan Squad,Azam Khan,Wicketkeeper Batter
34y 44d,Left hand Bat,Slow Left arm Orthodox,,Pakistan Squad,Fakhar Zaman,Opening Batter
33y 264d,Right hand Bat,Right arm Offbreak,,Pakistan Squad,Iftikhar Ahmed,Middle order Batter
31y 358d,Right hand Bat,Right arm Medium,†,Pakistan Squad,Mohammad Rizwan,Wicketkeeper Batter
22y ,Left hand Bat,"Right arm Medium fast, Right arm Offbreak",,Pakistan Squad,Saim Ayub,Top order Batter
29y 14d,Right hand Bat,Right arm Offbreak,,Pakistan Squad,Usman Khan,Top order Batter
35y 158d,Left hand Bat,Slow Left arm Orthodox,,Pakistan Squad,Imad Wasim,Allrounder
25y 233d,Right hand Bat,Legbreak,,Pakistan Squad,Shadab Khan,Allrounder
23y 49d,Right hand Bat,Right arm Medium fast,,Pakistan Squad,Abbas Afridi,Bowler
25y 256d,Right hand Bat,Legbreak Googly,,Pakistan Squad,Abrar Ahmed,Bowler
30y 199d,Right hand Bat,Right arm Fast,,Pakistan Squad,Haris Rauf,Bowler
32y 41d,Left hand Bat,Left arm Fast medium,,Pakistan Squad,Mohammad Amir,Bowler
21y 99d,Right hand Bat,Right arm Fast,,Pakistan Squad,Naseem Shah,Bowler
24y 48d,Left hand Bat,Left arm Fast,,Pakistan Squad,Shaheen Shah Afridi,Bowler
31y 239d,Right hand Bat,"Right arm Offbreak, Legbreak Googly",(c),Oman Squad,Aqib Ilyas,Top order Batter
27y 11d,Right hand Bat,Right arm Offbreak,†,Oman Squad,Pratik Athavale,Wicketkeeper Batter
27y 201d,Right hand Bat,,,Oman Squad,Khalid Kail,Middle order Batter
37y 18d,Right hand Bat,Right arm Medium fast,,Oman Squad,Mehran Khan,Batter
41y 264d,Right hand Bat,,†,Oman Squad,Naseem Khushi,Wicketkeeper
28y 203d,Right hand Bat,Right arm Offbreak,,Oman Squad,Kashyap Prajapati,Top order Batter
31y 147d,Right hand Bat,Right arm Medium,,Oman Squad,Shoaib Khan,Batter
36y 190d,Left hand Bat,Slow Left arm Orthodox,,Oman Squad,Zeeshan Maqsood,Opening Batter
31y 245d,Left hand Bat,Slow Left arm Orthodox,,Oman Squad,Ayaan Khan,Allrounder
41y 240d,Right hand Bat,Right arm Medium fast,,Oman Squad,Mohammad Nadeem,Allrounder
37y 21d,Left hand Bat,Left arm Medium fast,,Oman Squad,Bilal Khan,Bowler
30y 258d,Right hand Bat,Right arm Medium fast,,Oman Squad,Fayyaz Butt,Bowler
33y 129d,Right hand Bat,Right arm Medium,,Oman Squad,Kaleemullah,Bowler
27y 259d,Right hand Bat,Right arm Medium,,Oman Squad,Rafiullah,Bowler
36y 87d,Left hand Bat,Slow Left arm Orthodox,,Oman Squad,Shakeel Ahmed,Bowler
33y 265d,Right hand Bat,Right arm Offbreak,(c),New Zealand Squad,Kane Williamson,Top order Batter
25y 7d,Right hand Bat,,,New Zealand Squad,Finn Allen,Top order Batter
32y 296d,Left hand Bat,Right arm Medium,†,New Zealand Squad,Devon Conway,Wicketkeeper Batter
33y 75d,Left hand Bat,Right arm Offbreak,,New Zealand Squad,Michael Bracewell,Batting Allrounder
29y 307d,Left hand Bat,Slow Left arm Orthodox,,New Zealand Squad,Mark Chapman,Allrounder
32y 345d,Right hand Bat,Right arm Medium,,New Zealand Squad,Daryl Mitchell,Batting Allrounder
33y 225d,Left hand Bat,Right arm Medium fast,,New Zealand Squad,James Neesham,Batting Allrounder
27y 145d,Right hand Bat,Right arm Offbreak,,New Zealand Squad,Glenn Phillips,Allrounder
24y 163d,Left hand Bat,Slow Left arm Orthodox,,New Zealand Squad,Rachin Ravindra,Batting Allrounder
32y 84d,Left hand Bat,Slow Left arm Orthodox,,New Zealand Squad,Mitchell Santner,Bowling Allrounder
34y 282d,Right hand Bat,Left arm Fast medium,,New Zealand Squad,Trent Boult,Bowler
32y 321d,Right hand Bat,Right arm Fast,,New Zealand Squad,Lockie Ferguson,Bowler
32y 137d,Right hand Bat,Right arm Fast medium,,New Zealand Squad,Matt Henry,Bowler
31y 181d,Right hand Bat,Legbreak,,New Zealand Squad,Ish Sodhi,Bowler
35y 140d,Right hand Bat,Right arm Medium fast,,New Zealand Squad,Tim Southee,Bowler
27y 264d,Right hand Bat,,† (c),Netherlands Squad,Scott Edwards,Wicketkeeper Batter
40y 10d,Right hand Bat,Right arm Offbreak,,Netherlands Squad,Wesley Barresi,Batter
20y 329d,Right hand Bat,Right arm Fast,,Netherlands Squad,Michael Levitt,Top order Batter
30y 70d,Right hand Bat,Right arm Offbreak,,Netherlands Squad,Max O'Dowd,Opening Batter
21y 125d,Left hand Bat,Right arm Medium,,Netherlands Squad,Vikramjit Singh,Opening Batter
24y 180d,Right hand Bat,Right arm Fast medium,,Netherlands Squad,Bas de Leede,Batting Allrounder
35y 241d,Right hand Bat,Right arm Offbreak,,Netherlands Squad,Sybrand Engelbrecht,Allrounder
29y 265d,Right hand Bat,Right arm Offbreak,,Netherlands Squad,Teja Nidamanuru,Allrounder
21y 258d,Right hand Bat,Slow Left arm Orthodox,,Netherlands Squad,Tim Pringle,Allrounder
27y 46d,Right hand Bat,Legbreak,,Netherlands Squad,Saqib Zulfiqar,Bowling Allrounder
21y 1d,Right hand Bat,Right arm Offbreak,,Netherlands Squad,Aryan Dutt,Bowler
29y 203d,Right hand Bat,Right arm Medium fast,,Netherlands Squad,Vivian Kingma,Bowler
22y 315d,Right hand Bat,Right arm Medium,,Netherlands Squad,Kyle Klein,Bowler
33y 249d,Right hand Bat,Right arm Medium fast,,Netherlands Squad,Logan van Beek,Bowler
31y 119d,Right hand Bat,Right arm Fast medium,,Netherlands Squad,Paul van Meekeren,Bowler
26y 213d,Left hand Bat,Slow Left arm Orthodox,,Netherlands Squad,Daniel Doram,Bowler
31y 182d,Right hand Bat,Left arm Fast medium,,Netherlands Squad,Fred Klaassen,Bowler
22y 314d,Right hand Bat,,†,Nepal Squad,Aasif Sheikh,Wicketkeeper Batter
24y 98d,Right hand Bat,"Right arm Medium, Right arm Offbreak",,Nepal Squad,Dipendra Singh Airee,Middle order Batter
27y 100d,Right hand Bat,Legbreak Googly,,Nepal Squad,Kushal Bhurtel,Opening Batter
22y 194d,Right hand Bat,,,Nepal Squad,Sundeep Jora,Middle order Batter
25y 166d,Right hand Bat,Right arm Offbreak,†,Nepal Squad,Anil Sah,Wicketkeeper
21y 242d,Right hand Bat,Right arm Offbreak,(c),Nepal Squad,Rohit Paudel,Batting Allrounder
18y 74d,Left hand Bat,Right arm Medium,,Nepal Squad,Gulsan Jha,Allrounder
32y 204d,Right hand Bat,Right arm Fast,,Nepal Squad,Karan KC,Allrounder
20y 57d,Left hand Bat,Slow Left arm Orthodox,,Nepal Squad,Kushal Malla,Batting Allrounder
28y 89d,Right hand Bat,Right arm Fast medium,,Nepal Squad,Sompal Kami,Bowling Allrounder
19y 345d,Right hand Bat,Left arm Medium,,Nepal Squad,Pratis GC,Bowling Allrounder
23y 134d,Right hand Bat,Right arm Medium,,Nepal Squad,Kamal Airee,Bowler
26y 276d,Right hand Bat,Right arm Medium,,Nepal Squad,Abinash Bohara,Bowler
22y 139d,Right hand Bat,Slow Left arm Orthodox,,Nepal Squad,Sagar Dhakal,Bowler
23y 273d,Right hand Bat,Legbreak Googly,,Nepal Squad,Sandeep Lamichhane,Bowler
25y 64d,Right hand Bat,Slow Left arm Orthodox,,Nepal Squad,Lalit Rajbanshi,Bowler
26y 143d,Right hand Bat,Legbreak,,Namibia Squad,Nikolaas Davin,Batter
27y 212d,Left hand Bat,,†,Namibia Squad,Zane Green,Wicketkeeper Batter
30y 17d,Left hand Bat,,,Namibia Squad,JP Kotze,Batter
29y 28d,Right hand Bat,,,Namibia Squad,Malan Kruger,Batter
20y 7d,Right hand Bat,Right arm Medium,,Namibia Squad,Dylan Leicher,Middle order Batter
29y 29d,Right hand Bat,Right arm Offbreak,(c),Namibia Squad,Gerhard Erasmus,Allrounder
28y 182d,Right hand Bat,Left arm Medium fast,(vc),Namibia Squad,JJ Smit,Bowling Allrounder
30y 34d,Left hand Bat,Left arm Fast medium,,Namibia Squad,Jan Frylinck,Allrounder
26y 199d,Left hand Bat,"Left arm Medium, Slow Left arm Orthodox",,Namibia Squad,Michael van Lingen,Bowling Allrounder
38y 358d,Right hand Bat,Right arm Medium fast,,Namibia Squad,David Wiese,Allrounder
18y 202d,Right hand Bat,Slow Left arm Orthodox,,Namibia Squad,Peter-Daniel Blignaut,Bowler
19y 40d,Right hand Bat,Right arm Medium,,Namibia Squad,Jack Brassell,Bowler
32y 23d,Right hand Bat,Left arm Medium,,Namibia Squad,Tangeni Lungameni,Bowler
33y 220d,Right hand Bat,Slow Left arm Orthodox,,Namibia Squad,Bernard Scholtz,Bowler
24y 2d,Right hand Bat,Right arm Medium fast,,Namibia Squad,Ben Shikongo,Bowler
26y 99d,Right hand Bat,Left arm Fast,,Namibia Squad,Ruben Trumpelmann,Bowler
30y 16d,Right hand Bat,Slow Left arm Orthodox,,Ireland Squad,Ross Adair,Top order Batter
33y 131d,Right hand Bat,Right arm Offbreak,,Ireland Squad,Andy Balbirnie,Batter
23y 226d,Left hand Bat,,†,Ireland Squad,Neil Rock,Wicketkeeper Batter
24y 153d,Right hand Bat,Right arm Offbreak,,Ireland Squad,Harry Tector,Middle order Batter
27y 240d,Right hand Bat,,†,Ireland Squad,Lorcan Tucker,Wicketkeeper Batter
33y 247d,Right hand Bat,Right arm Offbreak,(c),Ireland Squad,Paul Stirling,Batting Allrounder
28y 41d,Right hand Bat,Right arm Fast medium,,Ireland Squad,Mark Adair,Bowling Allrounder
25y 17d,Right hand Bat,Right arm Medium fast,,Ireland Squad,Curtis Campher,Allrounder
27y 9d,Right hand Bat,Legbreak Googly,,Ireland Squad,Gareth Delany,Batting Allrounder
31y 290d,Right hand Bat,Slow Left arm Orthodox,,Ireland Squad,George Dockrell,Allrounder
33y 166d,Left hand Bat,Right arm Fast medium,,Ireland Squad,Graham Hume,Bowler
24y 188d,Right hand Bat,Left arm Fast medium,,Ireland Squad,Josh Little,Bowler
31y 237d,Right hand Bat,Right arm Fast medium,,Ireland Squad,Barry McCarthy,Bowler
25y 252d,Right hand Bat,Legbreak,,Ireland Squad,Ben White,Bowler
34y 33d,Right hand Bat,Right arm Fast medium,,Ireland Squad,Craig Young,Bowler
37y ,Right hand Bat,Right arm Offbreak,(c),India Squad,Rohit Sharma,Top order Batter
22y 124d,Left hand Bat,Legbreak,,India Squad,Yashasvi Jaiswal,Opening Batter
35y 177d,Right hand Bat,Right arm Medium,,India Squad,Virat Kohli,Top order Batter
26y 209d,Left hand Bat,,†,India Squad,Rishabh Pant,Wicketkeeper Batter
29y 171d,Right hand Bat,,†,India Squad,Sanju Samson,Wicketkeeper Batter
33y 229d,Right hand Bat,"Right arm Medium, Right arm Offbreak",,India Squad,Suryakumar Yadav,Batter
30y 202d,Right hand Bat,Right arm Medium fast,(vc),India Squad,Hardik Pandya,Allrounder
30y 309d,Left hand Bat,Right arm Medium,,India Squad,Shivam Dube,Allrounder
35y 146d,Left hand Bat,Slow Left arm Orthodox,,India Squad,Ravindra Jadeja,Allrounder
30y 101d,Left hand Bat,Slow Left arm Orthodox,,India Squad,Axar Patel,Allrounder
25y 85d,Left hand Bat,Left arm Medium fast,,India Squad,Arshdeep Singh,Bowler
30y 146d,Right hand Bat,Right arm Fast,,India Squad,Jasprit Bumrah,Bowler
33y 282d,Right hand Bat,Legbreak Googly,,India Squad,Yuzvendra Chahal,Bowler
29y 138d,Left hand Bat,Left arm Wrist spin,,India Squad,Kuldeep Yadav,Bowler
30y 48d,Right hand Bat,Right arm Fast,,India Squad,Mohammed Siraj,Bowler
33y 235d,Right hand Bat,,(c),England Squad,Jos Buttler,Wicketkeeper Batter
34y 217d,Right hand Bat,Right arm Medium,†,England Squad,Jonny Bairstow,Wicketkeeper Batter
25y 68d,Right hand Bat,Right arm Medium,,England Squad,Harry Brook,Batter
29y 196d,Left hand Bat,Right arm Offbreak,,England Squad,Ben Duckett,Top order Batter
27y 246d,Right hand Bat,Right arm Offbreak,†,England Squad,Phil Salt,Wicketkeeper Batter
36y 317d,Left hand Bat,Right arm Offbreak,,England Squad,Moeen Ali,Batting Allrounder
25y 332d,Left hand Bat,Left arm Medium fast,,England Squad,Sam Curran,Allrounder
25y 161d,Right hand Bat,Right arm Offbreak,,England Squad,Will Jacks,Batting Allrounder
30y 270d,Right hand Bat,"Right arm Offbreak, Legbreak",,England Squad,Liam Livingstone,Batting Allrounder
29y 29d,Right hand Bat,Right arm Fast,,England Squad,Jofra Archer,Bowler
24y 363d,Left hand Bat,Slow Left arm Orthodox,,England Squad,Tom Hartley,Bowler
35y 209d,Right hand Bat,Right arm Fast medium,,England Squad,Chris Jordan,Bowler
36y 73d,Right hand Bat,Legbreak,,England Squad,Adil Rashid,Bowler
30y 69d,Right hand Bat,Left arm Fast medium,,England Squad,Reece Topley,Bowler
34y 110d,Right hand Bat,Right arm Fast,,England Squad,Mark Wood,Bowler
35y 205d,Right hand Bat,Right arm Medium fast,,Canada Squad,Navneet Dhaliwal,Middle order Batter
33y 47d,Right hand Bat,Right arm Offbreak,,Canada Squad,Aaron Johnson,Batter
30y 241d,Right hand Bat,,†,Canada Squad,Shreyas Movva,Wicketkeeper Batter
35y 201d,Right hand Bat,Right arm Offbreak,,Canada Squad,Ravinderpal Singh,Batter
37y 174d,Left hand Bat,Slow Left arm Orthodox,(c),Canada Squad,Saad Bin Zafar,Allrounder
21y 97d,Right hand Bat,Right arm Offbreak,,Canada Squad,Dilpreet Bajwa,Allrounder
39y 38d,Right hand Bat,Legbreak,,Canada Squad,Junaid Siddiqui,Allrounder
25y 362d,Left hand Bat,,,Canada Squad,Nicholas Kirton,Batting Allrounder
32y 19d,Right hand Bat,Right arm Offbreak,,Canada Squad,Pargat Singh,Allrounder
32y 148d,Right hand Bat,Right arm Fast medium,,Canada Squad,Rayyan Pathan,Batting Allrounder
26y 191d,Right hand Bat,Right arm Offbreak,,Canada Squad,Harsh Thaker,Allrounder
29y 202d,Right hand Bat,Right arm Offbreak,,Canada Squad,Nikhil Dutta,Bowler
37y 103d,Right hand Bat,Right arm Fast medium,,Canada Squad,Jeremy Gordon,Bowler
34y 194d,Right hand Bat,Right arm Medium,,Canada Squad,Dilon Heyliger,Bowler
23y 180d,Right hand Bat,Left arm Medium fast,,Canada Squad,Rishiv Joshi,Bowler
30y 122d,Right hand Bat,Left arm Medium fast,,Canada Squad,Kaleem Sana,Bowler
25y 263d,Left hand Bat,Right arm Offbreak,(c),Bangladesh Squad,Najmul Hossain Shanto,Top order Batter
26y 82d,Right hand Bat,,,Bangladesh Squad,Jaker Ali,Batter
29y 214d,Right hand Bat,Right arm Offbreak,†,Bangladesh Squad,Litton Das,Wicketkeeper Batter
23y 165d,Left hand Bat,,,Bangladesh Squad,Tanzid Hasan,Opening Batter
23y 162d,Right hand Bat,Right arm Offbreak,,Bangladesh Squad,Towhid Hridoy,Top order Batter
29y 154d,Right hand Bat,Right arm Offbreak,,Bangladesh Squad,Mahedi Hasan,Allrounder
38y 100d,Right hand Bat,Right arm Offbreak,,Bangladesh Squad,Mahmudullah,Allrounder
37y 51d,Left hand Bat,Slow Left arm Orthodox,,Bangladesh Squad,Shakib Al Hasan,Allrounder
31y 79d,Left hand Bat,Right arm Medium fast,,Bangladesh Squad,Soumya Sarkar,Batting Allrounder
29y 41d,Left hand Bat,Right arm Fast,(vc),Bangladesh Squad,Taskin Ahmed,Bowler
28y 251d,Left hand Bat,Left arm Fast medium,,Bangladesh Squad,Mustafizur Rahman,Bowler
21y 304d,Right hand Bat,Legbreak Googly,,Bangladesh Squad,Rishad Hossain,Bowler
22y 346d,Left hand Bat,Left arm Medium fast,,Bangladesh Squad,Shoriful Islam,Bowler
27y 202d,Left hand Bat,Slow Left arm Orthodox,,Bangladesh Squad,Tanvir Islam,Bowler
21y 207d,Right hand Bat,Right arm Fast medium,,Bangladesh Squad,Tanzim Hasan Sakib,Bowler
28y 46d,Right hand Bat,Right arm Offbreak,,Australia Squad,Tim David,Middle order Batter
30y 124d,Left hand Bat,Right arm Offbreak,,Australia Squad,Travis Head,Top order Batter
29y 58d,Right hand Bat,,†,Australia Squad,Josh Inglis,Wicketkeeper Batter
36y 127d,Left hand Bat,Right arm Medium,†,Australia Squad,Matthew Wade,Wicketkeeper Batter
37y 187d,Left hand Bat,Legbreak,,Australia Squad,David Warner,Opening Batter
32y 194d,Right hand Bat,Right arm Medium,(c),Australia Squad,Mitchell Marsh,Allrounder
24y 333d,Right hand Bat,Right arm Fast medium,,Australia Squad,Cameron Green,Batting Allrounder
35y 200d,Right hand Bat,Right arm Offbreak,,Australia Squad,Glenn Maxwell,Batting Allrounder
34y 259d,Right hand Bat,Right arm Medium,,Australia Squad,Marcus Stoinis,Batting Allrounder
30y 200d,Left hand Bat,Slow Left arm Orthodox,,Australia Squad,Ashton Agar,Bowler
30y 359d,Right hand Bat,Right arm Fast,,Australia Squad,Pat Cummins,Bowler
29y 222d,Right hand Bat,Right arm Fast medium,,Australia Squad,Nathan Ellis,Bowler
33y 114d,Left hand Bat,Right arm Fast medium,,Australia Squad,Josh Hazlewood,Bowler
34y 92d,Left hand Bat,Left arm Fast,,Australia Squad,Mitchell Starc,Bowler
32y 31d,Right hand Bat,Legbreak Googly,,Australia Squad,Adam Zampa,Bowler
